indu,indu123,Staff,AudioVideo
durga,durga123,Staff,AudioVideo
ram,ram123,Staff,Electricity
shyam,shyam123,Staff,Electricity
ganesh,ganesh123,Staff,Electricity
shiv,shiv123,Staff,HVAC
ryan,ryan123,Supervisor,Electricity
megan,megan123,Supervisor,HVAC
lucas,lucas123,Supervisor,AudioVideo
